{
  "ABIRoot": {
    "kind": "Root",
    "name": "MobilistenCalls",
    "printedName": "MobilistenCalls",
    "children": [
      {
        "kind": "Import",
        "name": "MobilistenCallsCore",
        "printedName": "MobilistenCallsCore",
        "declKind": "Import",
        "moduleName": "MobilistenCalls",
        "declAttributes": [
          "RawDocComment"
        ]
      },
      {
        "kind": "Import",
        "name": "MobilistenCore",
        "printedName": "MobilistenCore",
        "declKind": "Import",
        "moduleName": "MobilistenCalls"
      },
      {
        "kind": "Import",
        "name": "Mobilisten",
        "printedName": "Mobilisten",
        "declKind": "Import",
        "moduleName": "MobilistenCalls"
      },
      {
        "kind": "Import",
        "name": "AVCallKit",
        "printedName": "AVCallKit",
        "declKind": "Import",
        "moduleName": "MobilistenCalls"
      },
      {
        "kind": "Import",
        "name": "AVCallKitBridge",
        "printedName": "AVCallKitBridge",
        "declKind": "Import",
        "moduleName": "MobilistenCalls"
      },
      {
        "kind": "Import",
        "name": "UIKit",
        "printedName": "UIKit",
        "declKind": "Import",
        "moduleName": "MobilistenCalls"
      },
      {
        "kind": "TypeDecl",
        "name": "ZohoSalesIQCalls",
        "printedName": "ZohoSalesIQCalls",
        "children": [
          {
            "kind": "Function",
            "name": "initialise",
            "printedName": "initialise()",
            "children": [
              {
                "kind": "TypeNominal",
                "name": "Void",
                "printedName": "()"
              }
            ],
            "declKind": "Func",
            "usr": "c:@M@MobilistenCalls@objc(cs)ZohoSalesIQCalls(cm)initialise",
            "mangledName": "$s15MobilistenCalls16ZohoSalesIQCallsC10initialiseyyFZ",
            "moduleName": "MobilistenCalls",
            "static": true,
            "declAttributes": [
              "Final",
              "Custom",
              "AccessControl",
              "ObjC"
            ],
            "funcSelfKind": "NonMutating"
          },
          {
            "kind": "Var",
            "name": "delegate",
            "printedName": "delegate",
            "children": [
              {
                "kind": "TypeNominal",
                "name": "WeakStorage",
                "printedName": "(any MobilistenCallsCore.ZohoSalesIQCallDelegate)?"
              }
            ],
            "declKind": "Var",
            "usr": "c:@M@MobilistenCalls@objc(cs)ZohoSalesIQCalls(cpy)delegate",
            "mangledName": "$s15MobilistenCalls16ZohoSalesIQCallsC8delegate0aB4Core0cD14IQCallDelegate_pSgvpZ",
            "moduleName": "MobilistenCalls",
            "static": true,
            "declAttributes": [
              "HasInitialValue",
              "Final",
              "Custom",
              "HasStorage",
              "ReferenceOwnership",
              "AccessControl",
              "ObjC"
            ],
            "ownership": 1,
            "hasStorage": true,
            "accessors": [
              {
                "kind": "Accessor",
                "name": "Get",
                "printedName": "Get()",
                "children": [
                  {
                    "kind": "TypeNominal",
                    "name": "Optional",
                    "printedName": "(any MobilistenCallsCore.ZohoSalesIQCallDelegate)?",
                    "children": [
                      {
                        "kind": "TypeNominal",
                        "name": "ZohoSalesIQCallDelegate",
                        "printedName": "any MobilistenCallsCore.ZohoSalesIQCallDelegate",
                        "usr": "c:@M@MobilistenCallsCore@objc(pl)ZohoSalesIQCallDelegate"
                      }
                    ],
                    "usr": "s:Sq"
                  }
                ],
                "declKind": "Accessor",
                "usr": "c:@M@MobilistenCalls@objc(cs)ZohoSalesIQCalls(cm)delegate",
                "mangledName": "$s15MobilistenCalls16ZohoSalesIQCallsC8delegate0aB4Core0cD14IQCallDelegate_pSgvgZ",
                "moduleName": "MobilistenCalls",
                "static": true,
                "implicit": true,
                "declAttributes": [
                  "Final",
                  "ObjC"
                ],
                "accessorKind": "get"
              },
              {
                "kind": "Accessor",
                "name": "Set",
                "printedName": "Set()",
                "children": [
                  {
                    "kind": "TypeNominal",
                    "name": "Void",
                    "printedName": "()"
                  },
                  {
                    "kind": "TypeNominal",
                    "name": "Optional",
                    "printedName": "(any MobilistenCallsCore.ZohoSalesIQCallDelegate)?",
                    "children": [
                      {
                        "kind": "TypeNominal",
                        "name": "ZohoSalesIQCallDelegate",
                        "printedName": "any MobilistenCallsCore.ZohoSalesIQCallDelegate",
                        "usr": "c:@M@MobilistenCallsCore@objc(pl)ZohoSalesIQCallDelegate"
                      }
                    ],
                    "usr": "s:Sq"
                  }
                ],
                "declKind": "Accessor",
                "usr": "c:@M@MobilistenCalls@objc(cs)ZohoSalesIQCalls(cm)setDelegate:",
                "mangledName": "$s15MobilistenCalls16ZohoSalesIQCallsC8delegate0aB4Core0cD14IQCallDelegate_pSgvsZ",
                "moduleName": "MobilistenCalls",
                "static": true,
                "implicit": true,
                "declAttributes": [
                  "Final",
                  "ObjC"
                ],
                "accessorKind": "set"
              },
              {
                "kind": "Accessor",
                "name": "Modify",
                "printedName": "Modify()",
                "children": [
                  {
                    "kind": "TypeNominal",
                    "name": "Void",
                    "printedName": "()"
                  }
                ],
                "declKind": "Accessor",
                "usr": "s:15MobilistenCalls16ZohoSalesIQCallsC8delegate0aB4Core0cD14IQCallDelegate_pSgvMZ",
                "mangledName": "$s15MobilistenCalls16ZohoSalesIQCallsC8delegate0aB4Core0cD14IQCallDelegate_pSgvMZ",
                "moduleName": "MobilistenCalls",
                "static": true,
                "implicit": true,
                "declAttributes": [
                  "Final"
                ],
                "accessorKind": "_modify"
              }
            ]
          },
          {
            "kind": "Var",
            "name": "isEnabled",
            "printedName": "isEnabled",
            "children": [
              {
                "kind": "TypeNominal",
                "name": "Bool",
                "printedName": "Swift.Bool",
                "usr": "s:Sb"
              }
            ],
            "declKind": "Var",
            "usr": "c:@M@MobilistenCalls@objc(cs)ZohoSalesIQCalls(cpy)isEnabled",
            "mangledName": "$s15MobilistenCalls16ZohoSalesIQCallsC9isEnabledSbvpZ",
            "moduleName": "MobilistenCalls",
            "static": true,
            "declAttributes": [
              "Final",
              "Custom",
              "AccessControl",
              "ObjC",
              "RawDocComment"
            ],
            "accessors": [
              {
                "kind": "Accessor",
                "name": "Get",
                "printedName": "Get()",
                "children": [
                  {
                    "kind": "TypeNominal",
                    "name": "Bool",
                    "printedName": "Swift.Bool",
                    "usr": "s:Sb"
                  }
                ],
                "declKind": "Accessor",
                "usr": "c:@M@MobilistenCalls@objc(cs)ZohoSalesIQCalls(cm)isEnabled",
                "mangledName": "$s15MobilistenCalls16ZohoSalesIQCallsC9isEnabledSbvgZ",
                "moduleName": "MobilistenCalls",
                "static": true,
                "declAttributes": [
                  "Final",
                  "ObjC"
                ],
                "accessorKind": "get"
              }
            ]
          },
          {
            "kind": "Function",
            "name": "switchToFloatingScreen",
            "printedName": "switchToFloatingScreen()",
            "children": [
              {
                "kind": "TypeNominal",
                "name": "Void",
                "printedName": "()"
              }
            ],
            "declKind": "Func",
            "usr": "c:@M@MobilistenCalls@objc(cs)ZohoSalesIQCalls(cm)switchToFloatingScreen",
            "mangledName": "$s15MobilistenCalls16ZohoSalesIQCallsC22switchToFloatingScreenyyFZ",
            "moduleName": "MobilistenCalls",
            "static": true,
            "declAttributes": [
              "Final",
              "Custom",
              "AccessControl",
              "ObjC",
              "RawDocComment"
            ],
            "funcSelfKind": "NonMutating"
          },
          {
            "kind": "Function",
            "name": "switchToFullScreen",
            "printedName": "switchToFullScreen()",
            "children": [
              {
                "kind": "TypeNominal",
                "name": "Void",
                "printedName": "()"
              }
            ],
            "declKind": "Func",
            "usr": "c:@M@MobilistenCalls@objc(cs)ZohoSalesIQCalls(cm)switchToFullScreen",
            "mangledName": "$s15MobilistenCalls16ZohoSalesIQCallsC18switchToFullScreenyyFZ",
            "moduleName": "MobilistenCalls",
            "static": true,
            "declAttributes": [
              "Final",
              "Custom",
              "AccessControl",
              "ObjC",
              "RawDocComment"
            ],
            "funcSelfKind": "NonMutating"
          },
          {
            "kind": "Function",
            "name": "getDepartments",
            "printedName": "getDepartments(completion:)",
            "children": [
              {
                "kind": "TypeNominal",
                "name": "Void",
                "printedName": "()"
              },
              {
                "kind": "TypeNominal",
                "name": "Optional",
                "printedName": "(((any MobilistenCore.SIQError)?, [MobilistenCore.SIQDepartment]) -> ())?",
                "children": [
                  {
                    "kind": "TypeFunc",
                    "name": "Function",
                    "printedName": "((any MobilistenCore.SIQError)?, [MobilistenCore.SIQDepartment]) -> ()",
                    "children": [
                      {
                        "kind": "TypeNominal",
                        "name": "Void",
                        "printedName": "()"
                      },
                      {
                        "kind": "TypeNominal",
                        "name": "Tuple",
                        "printedName": "((any MobilistenCore.SIQError)?, [MobilistenCore.SIQDepartment])",
                        "children": [
                          {
                            "kind": "TypeNominal",
                            "name": "Optional",
                            "printedName": "(any MobilistenCore.SIQError)?",
                            "children": [
                              {
                                "kind": "TypeNominal",
                                "name": "SIQError",
                                "printedName": "any MobilistenCore.SIQError",
                                "usr": "c:@M@MobilistenCore@objc(pl)SIQError"
                              }
                            ],
                            "usr": "s:Sq"
                          },
                          {
                            "kind": "TypeNominal",
                            "name": "Array",
                            "printedName": "[MobilistenCore.SIQDepartment]",
                            "children": [
                              {
                                "kind": "TypeNominal",
                                "name": "SIQDepartment",
                                "printedName": "MobilistenCore.SIQDepartment",
                                "usr": "c:@M@MobilistenCore@objc(cs)SIQDepartment"
                              }
                            ],
                            "usr": "s:Sa"
                          }
                        ]
                      }
                    ]
                  }
                ],
                "hasDefaultArg": true,
                "usr": "s:Sq"
              }
            ],
            "declKind": "Func",
            "usr": "c:@M@MobilistenCalls@objc(cs)ZohoSalesIQCalls(cm)getDepartmentsWithCompletion:",
            "mangledName": "$s15MobilistenCalls16ZohoSalesIQCallsC14getDepartments10completionyy0A4Core8SIQError_pSg_SayAF13SIQDepartmentCGtcSg_tFZ",
            "moduleName": "MobilistenCalls",
            "static": true,
            "objc_name": "getDepartmentsWithCompletion:",
            "declAttributes": [
              "Final",
              "Custom",
              "AccessControl",
              "ObjC",
              "RawDocComment"
            ],
            "funcSelfKind": "NonMutating"
          },
          {
            "kind": "Function",
            "name": "end",
            "printedName": "end(completion:)",
            "children": [
              {
                "kind": "TypeNominal",
                "name": "Void",
                "printedName": "()"
              },
              {
                "kind": "TypeNominal",
                "name": "Optional",
                "printedName": "(((any MobilistenCore.SIQError)?, Swift.Bool) -> ())?",
                "children": [
                  {
                    "kind": "TypeFunc",
                    "name": "Function",
                    "printedName": "((any MobilistenCore.SIQError)?, Swift.Bool) -> ()",
                    "children": [
                      {
                        "kind": "TypeNominal",
                        "name": "Void",
                        "printedName": "()"
                      },
                      {
                        "kind": "TypeNominal",
                        "name": "Tuple",
                        "printedName": "((any MobilistenCore.SIQError)?, Swift.Bool)",
                        "children": [
                          {
                            "kind": "TypeNominal",
                            "name": "Optional",
                            "printedName": "(any MobilistenCore.SIQError)?",
                            "children": [
                              {
                                "kind": "TypeNominal",
                                "name": "SIQError",
                                "printedName": "any MobilistenCore.SIQError",
                                "usr": "c:@M@MobilistenCore@objc(pl)SIQError"
                              }
                            ],
                            "usr": "s:Sq"
                          },
                          {
                            "kind": "TypeNominal",
                            "name": "Bool",
                            "printedName": "Swift.Bool",
                            "usr": "s:Sb"
                          }
                        ]
                      }
                    ]
                  }
                ],
                "hasDefaultArg": true,
                "usr": "s:Sq"
              }
            ],
            "declKind": "Func",
            "usr": "c:@M@MobilistenCalls@objc(cs)ZohoSalesIQCalls(cm)endWithCompletion:",
            "mangledName": "$s15MobilistenCalls16ZohoSalesIQCallsC3end10completionyy0A4Core8SIQError_pSg_SbtcSg_tFZ",
            "moduleName": "MobilistenCalls",
            "static": true,
            "objc_name": "endWithCompletion:",
            "declAttributes": [
              "Final",
              "Custom",
              "AccessControl",
              "ObjC",
              "RawDocComment"
            ],
            "funcSelfKind": "NonMutating"
          },
          {
            "kind": "Function",
            "name": "setVisibility",
            "printedName": "setVisibility(_:visible:)",
            "children": [
              {
                "kind": "TypeNominal",
                "name": "Void",
                "printedName": "()"
              },
              {
                "kind": "TypeNominal",
                "name": "CallComponent",
                "printedName": "MobilistenCallsCore.CallComponent",
                "usr": "c:@M@MobilistenCallsCore@E@CallComponent"
              },
              {
                "kind": "TypeNominal",
                "name": "Bool",
                "printedName": "Swift.Bool",
                "usr": "s:Sb"
              }
            ],
            "declKind": "Func",
            "usr": "c:@M@MobilistenCalls@objc(cs)ZohoSalesIQCalls(cm)setVisibility:visible:",
            "mangledName": "$s15MobilistenCalls16ZohoSalesIQCallsC13setVisibility_7visibley0aB4Core13CallComponentO_SbtFZ",
            "moduleName": "MobilistenCalls",
            "static": true,
            "declAttributes": [
              "Final",
              "Custom",
              "AccessControl",
              "ObjC",
              "RawDocComment"
            ],
            "funcSelfKind": "NonMutating"
          },
          {
            "kind": "Var",
            "name": "currentState",
            "printedName": "currentState",
            "children": [
              {
                "kind": "TypeNominal",
                "name": "SalesIQCallState",
                "printedName": "MobilistenCallsCore.SalesIQCallState",
                "usr": "c:@M@MobilistenCallsCore@objc(cs)SalesIQCallState"
              }
            ],
            "declKind": "Var",
            "usr": "c:@M@MobilistenCalls@objc(cs)ZohoSalesIQCalls(cpy)currentState",
            "mangledName": "$s15MobilistenCalls16ZohoSalesIQCallsC12currentState0aB4Core0d6IQCallG0CvpZ",
            "moduleName": "MobilistenCalls",
            "static": true,
            "declAttributes": [
              "Final",
              "AccessControl",
              "ObjC",
              "Custom",
              "RawDocComment"
            ],
            "accessors": [
              {
                "kind": "Accessor",
                "name": "Get",
                "printedName": "Get()",
                "children": [
                  {
                    "kind": "TypeNominal",
                    "name": "SalesIQCallState",
                    "printedName": "MobilistenCallsCore.SalesIQCallState",
                    "usr": "c:@M@MobilistenCallsCore@objc(cs)SalesIQCallState"
                  }
                ],
                "declKind": "Accessor",
                "usr": "c:@M@MobilistenCalls@objc(cs)ZohoSalesIQCalls(cm)currentState",
                "mangledName": "$s15MobilistenCalls16ZohoSalesIQCallsC12currentState0aB4Core0d6IQCallG0CvgZ",
                "moduleName": "MobilistenCalls",
                "static": true,
                "declAttributes": [
                  "Final",
                  "ObjC"
                ],
                "accessorKind": "get"
              }
            ]
          },
          {
            "kind": "Function",
            "name": "start",
            "printedName": "start(id:attributes:displayActiveCall:completion:)",
            "children": [
              {
                "kind": "TypeNominal",
                "name": "Void",
                "printedName": "()"
              },
              {
                "kind": "TypeNominal",
                "name": "Optional",
                "printedName": "Swift.String?",
                "children": [
                  {
                    "kind": "TypeNominal",
                    "name": "String",
                    "printedName": "Swift.String",
                    "usr": "s:SS"
                  }
                ],
                "hasDefaultArg": true,
                "usr": "s:Sq"
              },
              {
                "kind": "TypeNominal",
                "name": "Optional",
                "printedName": "[MobilistenCore.SalesIQConversationAttributes]?",
                "children": [
                  {
                    "kind": "TypeNominal",
                    "name": "Array",
                    "printedName": "[MobilistenCore.SalesIQConversationAttributes]",
                    "children": [
                      {
                        "kind": "TypeNominal",
                        "name": "SalesIQConversationAttributes",
                        "printedName": "MobilistenCore.SalesIQConversationAttributes",
                        "usr": "s:14MobilistenCore29SalesIQConversationAttributesO"
                      }
                    ],
                    "usr": "s:Sa"
                  }
                ],
                "hasDefaultArg": true,
                "usr": "s:Sq"
              },
              {
                "kind": "TypeNominal",
                "name": "Bool",
                "printedName": "Swift.Bool",
                "hasDefaultArg": true,
                "usr": "s:Sb"
              },
              {
                "kind": "TypeNominal",
                "name": "Optional",
                "printedName": "(((any MobilistenCore.SIQError)?, Swift.Bool) -> ())?",
                "children": [
                  {
                    "kind": "TypeFunc",
                    "name": "Function",
                    "printedName": "((any MobilistenCore.SIQError)?, Swift.Bool) -> ()",
                    "children": [
                      {
                        "kind": "TypeNominal",
                        "name": "Void",
                        "printedName": "()"
                      },
                      {
                        "kind": "TypeNominal",
                        "name": "Tuple",
                        "printedName": "((any MobilistenCore.SIQError)?, Swift.Bool)",
                        "children": [
                          {
                            "kind": "TypeNominal",
                            "name": "Optional",
                            "printedName": "(any MobilistenCore.SIQError)?",
                            "children": [
                              {
                                "kind": "TypeNominal",
                                "name": "SIQError",
                                "printedName": "any MobilistenCore.SIQError",
                                "usr": "c:@M@MobilistenCore@objc(pl)SIQError"
                              }
                            ],
                            "usr": "s:Sq"
                          },
                          {
                            "kind": "TypeNominal",
                            "name": "Bool",
                            "printedName": "Swift.Bool",
                            "usr": "s:Sb"
                          }
                        ]
                      }
                    ]
                  }
                ],
                "hasDefaultArg": true,
                "usr": "s:Sq"
              }
            ],
            "declKind": "Func",
            "usr": "s:15MobilistenCalls16ZohoSalesIQCallsC5start2id10attributes17displayActiveCall10completionySSSg_Say0A4Core0D24IQConversationAttributesOGSgSbyAJ8SIQError_pSg_SbtcSgtFZ",
            "mangledName": "$s15MobilistenCalls16ZohoSalesIQCallsC5start2id10attributes17displayActiveCall10completionySSSg_Say0A4Core0D24IQConversationAttributesOGSgSbyAJ8SIQError_pSg_SbtcSgtFZ",
            "moduleName": "MobilistenCalls",
            "static": true,
            "declAttributes": [
              "Final",
              "AccessControl",
              "Custom",
              "RawDocComment"
            ],
            "funcSelfKind": "NonMutating"
          },
          {
            "kind": "Function",
            "name": "start",
            "printedName": "start(id:name:additionalInfo:displayImage:departments:displayActiveCall:completion:)",
            "children": [
              {
                "kind": "TypeNominal",
                "name": "Void",
                "printedName": "()"
              },
              {
                "kind": "TypeNominal",
                "name": "Optional",
                "printedName": "Swift.String?",
                "children": [
                  {
                    "kind": "TypeNominal",
                    "name": "String",
                    "printedName": "Swift.String",
                    "usr": "s:SS"
                  }
                ],
                "hasDefaultArg": true,
                "usr": "s:Sq"
              },
              {
                "kind": "TypeNominal",
                "name": "Optional",
                "printedName": "Swift.String?",
                "children": [
                  {
                    "kind": "TypeNominal",
                    "name": "String",
                    "printedName": "Swift.String",
                    "usr": "s:SS"
                  }
                ],
                "hasDefaultArg": true,
                "usr": "s:Sq"
              },
              {
                "kind": "TypeNominal",
                "name": "Optional",
                "printedName": "Swift.String?",
                "children": [
                  {
                    "kind": "TypeNominal",
                    "name": "String",
                    "printedName": "Swift.String",
                    "usr": "s:SS"
                  }
                ],
                "hasDefaultArg": true,
                "usr": "s:Sq"
              },
              {
                "kind": "TypeNominal",
                "name": "Optional",
                "printedName": "Any?",
                "children": [
                  {
                    "kind": "TypeNominal",
                    "name": "ProtocolComposition",
                    "printedName": "Any"
                  }
                ],
                "hasDefaultArg": true,
                "usr": "s:Sq"
              },
              {
                "kind": "TypeNominal",
                "name": "Array",
                "printedName": "[MobilistenCore.SIQDepartment]",
                "children": [
                  {
                    "kind": "TypeNominal",
                    "name": "SIQDepartment",
                    "printedName": "MobilistenCore.SIQDepartment",
                    "usr": "c:@M@MobilistenCore@objc(cs)SIQDepartment"
                  }
                ],
                "hasDefaultArg": true,
                "usr": "s:Sa"
              },
              {
                "kind": "TypeNominal",
                "name": "Bool",
                "printedName": "Swift.Bool",
                "hasDefaultArg": true,
                "usr": "s:Sb"
              },
              {
                "kind": "TypeNominal",
                "name": "Optional",
                "printedName": "(((any MobilistenCore.SIQError)?, Swift.Bool) -> ())?",
                "children": [
                  {
                    "kind": "TypeFunc",
                    "name": "Function",
                    "printedName": "((any MobilistenCore.SIQError)?, Swift.Bool) -> ()",
                    "children": [
                      {
                        "kind": "TypeNominal",
                        "name": "Void",
                        "printedName": "()"
                      },
                      {
                        "kind": "TypeNominal",
                        "name": "Tuple",
                        "printedName": "((any MobilistenCore.SIQError)?, Swift.Bool)",
                        "children": [
                          {
                            "kind": "TypeNominal",
                            "name": "Optional",
                            "printedName": "(any MobilistenCore.SIQError)?",
                            "children": [
                              {
                                "kind": "TypeNominal",
                                "name": "SIQError",
                                "printedName": "any MobilistenCore.SIQError",
                                "usr": "c:@M@MobilistenCore@objc(pl)SIQError"
                              }
                            ],
                            "usr": "s:Sq"
                          },
                          {
                            "kind": "TypeNominal",
                            "name": "Bool",
                            "printedName": "Swift.Bool",
                            "usr": "s:Sb"
                          }
                        ]
                      }
                    ]
                  }
                ],
                "hasDefaultArg": true,
                "usr": "s:Sq"
              }
            ],
            "declKind": "Func",
            "usr": "c:@M@MobilistenCalls@objc(cs)ZohoSalesIQCalls(cm)startWithId:name:additionalInfo:displayImage:departments:displayActiveCall:completion:",
            "mangledName": "$s15MobilistenCalls16ZohoSalesIQCallsC5start2id4name14additionalInfo12displayImage11departments0K10ActiveCall10completionySSSg_A2LypSgSay0A4Core13SIQDepartmentCGSbyAN8SIQError_pSg_SbtcSgtFZ",
            "moduleName": "MobilistenCalls",
            "static": true,
            "objc_name": "startWithId:name:additionalInfo:displayImage:departments:displayActiveCall:completion:",
            "declAttributes": [
              "Final",
              "AccessControl",
              "ObjC",
              "Custom"
            ],
            "funcSelfKind": "NonMutating"
          },
          {
            "kind": "Function",
            "name": "getList",
            "printedName": "getList(_:)",
            "children": [
              {
                "kind": "TypeNominal",
                "name": "Void",
                "printedName": "()"
              },
              {
                "kind": "TypeFunc",
                "name": "Function",
                "printedName": "((any MobilistenCore.SIQError)?, [MobilistenCore.SalesIQConversation]) -> ()",
                "children": [
                  {
                    "kind": "TypeNominal",
                    "name": "Void",
                    "printedName": "()"
                  },
                  {
                    "kind": "TypeNominal",
                    "name": "Tuple",
                    "printedName": "((any MobilistenCore.SIQError)?, [MobilistenCore.SalesIQConversation])",
                    "children": [
                      {
                        "kind": "TypeNominal",
                        "name": "Optional",
                        "printedName": "(any MobilistenCore.SIQError)?",
                        "children": [
                          {
                            "kind": "TypeNominal",
                            "name": "SIQError",
                            "printedName": "any MobilistenCore.SIQError",
                            "usr": "c:@M@MobilistenCore@objc(pl)SIQError"
                          }
                        ],
                        "usr": "s:Sq"
                      },
                      {
                        "kind": "TypeNominal",
                        "name": "Array",
                        "printedName": "[MobilistenCore.SalesIQConversation]",
                        "children": [
                          {
                            "kind": "TypeNominal",
                            "name": "SalesIQConversation",
                            "printedName": "MobilistenCore.SalesIQConversation",
                            "usr": "c:@M@MobilistenCore@objc(cs)SalesIQConversation"
                          }
                        ],
                        "usr": "s:Sa"
                      }
                    ]
                  }
                ]
              }
            ],
            "declKind": "Func",
            "usr": "c:@M@MobilistenCalls@objc(cs)ZohoSalesIQCalls(cm)getList:",
            "mangledName": "$s15MobilistenCalls16ZohoSalesIQCallsC7getListyyy0A4Core8SIQError_pSg_SayAE0D14IQConversationCGtcFZ",
            "moduleName": "MobilistenCalls",
            "static": true,
            "declAttributes": [
              "Final",
              "AccessControl",
              "ObjC",
              "Custom",
              "RawDocComment"
            ],
            "funcSelfKind": "NonMutating"
          },
          {
            "kind": "Function",
            "name": "setTitle",
            "printedName": "setTitle(online:offline:)",
            "children": [
              {
                "kind": "TypeNominal",
                "name": "Void",
                "printedName": "()"
              },
              {
                "kind": "TypeNominal",
                "name": "Optional",
                "printedName": "Swift.String?",
                "children": [
                  {
                    "kind": "TypeNominal",
                    "name": "String",
                    "printedName": "Swift.String",
                    "usr": "s:SS"
                  }
                ],
                "hasDefaultArg": true,
                "usr": "s:Sq"
              },
              {
                "kind": "TypeNominal",
                "name": "Optional",
                "printedName": "Swift.String?",
                "children": [
                  {
                    "kind": "TypeNominal",
                    "name": "String",
                    "printedName": "Swift.String",
                    "usr": "s:SS"
                  }
                ],
                "hasDefaultArg": true,
                "usr": "s:Sq"
              }
            ],
            "declKind": "Func",
            "usr": "c:@M@MobilistenCalls@objc(cs)ZohoSalesIQCalls(cm)setTitleWithOnline:offline:",
            "mangledName": "$s15MobilistenCalls16ZohoSalesIQCallsC8setTitle6online7offlineySSSg_AGtFZ",
            "moduleName": "MobilistenCalls",
            "static": true,
            "objc_name": "setTitleWithOnline:offline:",
            "declAttributes": [
              "Final",
              "Custom",
              "AccessControl",
              "ObjC",
              "RawDocComment"
            ],
            "funcSelfKind": "NonMutating"
          },
          {
            "kind": "Var",
            "name": "currentCallID",
            "printedName": "currentCallID",
            "children": [
              {
                "kind": "TypeNominal",
                "name": "Optional",
                "printedName": "Swift.String?",
                "children": [
                  {
                    "kind": "TypeNominal",
                    "name": "String",
                    "printedName": "Swift.String",
                    "usr": "s:SS"
                  }
                ],
                "usr": "s:Sq"
              }
            ],
            "declKind": "Var",
            "usr": "c:@M@MobilistenCalls@objc(cs)ZohoSalesIQCalls(cpy)currentCallID",
            "mangledName": "$s15MobilistenCalls16ZohoSalesIQCallsC13currentCallIDSSSgvpZ",
            "moduleName": "MobilistenCalls",
            "static": true,
            "declAttributes": [
              "Final",
              "AccessControl",
              "ObjC",
              "Custom",
              "RawDocComment"
            ],
            "accessors": [
              {
                "kind": "Accessor",
                "name": "Get",
                "printedName": "Get()",
                "children": [
                  {
                    "kind": "TypeNominal",
                    "name": "Optional",
                    "printedName": "Swift.String?",
                    "children": [
                      {
                        "kind": "TypeNominal",
                        "name": "String",
                        "printedName": "Swift.String",
                        "usr": "s:SS"
                      }
                    ],
                    "usr": "s:Sq"
                  }
                ],
                "declKind": "Accessor",
                "usr": "c:@M@MobilistenCalls@objc(cs)ZohoSalesIQCalls(cm)currentCallID",
                "mangledName": "$s15MobilistenCalls16ZohoSalesIQCallsC13currentCallIDSSSgvgZ",
                "moduleName": "MobilistenCalls",
                "static": true,
                "declAttributes": [
                  "Final",
                  "ObjC"
                ],
                "accessorKind": "get"
              }
            ]
          },
          {
            "kind": "Function",
            "name": "enableVoIP",
            "printedName": "enableVoIP(_:isTestDevice:mode:)",
            "children": [
              {
                "kind": "TypeNominal",
                "name": "Void",
                "printedName": "()"
              },
              {
                "kind": "TypeNominal",
                "name": "String",
                "printedName": "Swift.String",
                "usr": "s:SS"
              },
              {
                "kind": "TypeNominal",
                "name": "Bool",
                "printedName": "Swift.Bool",
                "usr": "s:Sb"
              },
              {
                "kind": "TypeNominal",
                "name": "APNSMode",
                "printedName": "MobilistenCore.APNSMode",
                "usr": "c:@M@MobilistenCore@E@APNSMode"
              }
            ],
            "declKind": "Func",
            "usr": "c:@M@MobilistenCalls@objc(cs)ZohoSalesIQCalls(cm)enableVoIP:isTestDevice:mode:",
            "mangledName": "$s15MobilistenCalls16ZohoSalesIQCallsC10enableVoIP_12isTestDevice4modeySS_Sb0A4Core8APNSModeOtFZ",
            "moduleName": "MobilistenCalls",
            "static": true,
            "declAttributes": [
              "Final",
              "Custom",
              "AccessControl",
              "ObjC",
              "RawDocComment"
            ],
            "funcSelfKind": "NonMutating"
          },
          {
            "kind": "Function",
            "name": "handleVOIPNotificationAction",
            "printedName": "handleVOIPNotificationAction(_:completion:)",
            "children": [
              {
                "kind": "TypeNominal",
                "name": "Void",
                "printedName": "()"
              },
              {
                "kind": "TypeNominal",
                "name": "Optional",
                "printedName": "[Swift.AnyHashable : Any]?",
                "children": [
                  {
                    "kind": "TypeNominal",
                    "name": "Dictionary",
                    "printedName": "[Swift.AnyHashable : Any]",
                    "children": [
                      {
                        "kind": "TypeNominal",
                        "name": "AnyHashable",
                        "printedName": "Swift.AnyHashable",
                        "usr": "s:s11AnyHashableV"
                      },
                      {
                        "kind": "TypeNominal",
                        "name": "ProtocolComposition",
                        "printedName": "Any"
                      }
                    ],
                    "usr": "s:SD"
                  }
                ],
                "usr": "s:Sq"
              },
              {
                "kind": "TypeFunc",
                "name": "Function",
                "printedName": "() -> ()",
                "children": [
                  {
                    "kind": "TypeNominal",
                    "name": "Void",
                    "printedName": "()"
                  },
                  {
                    "kind": "TypeNominal",
                    "name": "Void",
                    "printedName": "()"
                  }
                ]
              }
            ],
            "declKind": "Func",
            "usr": "c:@M@MobilistenCalls@objc(cs)ZohoSalesIQCalls(cm)handleVOIPNotificationAction:completion:",
            "mangledName": "$s15MobilistenCalls16ZohoSalesIQCallsC28handleVOIPNotificationAction_10completionySDys11AnyHashableVypGSg_yyctFZ",
            "moduleName": "MobilistenCalls",
            "static": true,
            "declAttributes": [
              "Final",
              "AccessControl",
              "ObjC",
              "Custom",
              "RawDocComment"
            ],
            "funcSelfKind": "NonMutating"
          },
          {
            "kind": "Function",
            "name": "setBranding",
            "printedName": "setBranding(icon:)",
            "children": [
              {
                "kind": "TypeNominal",
                "name": "Void",
                "printedName": "()"
              },
              {
                "kind": "TypeNominal",
                "name": "ProtocolComposition",
                "printedName": "Any"
              }
            ],
            "declKind": "Func",
            "usr": "c:@M@MobilistenCalls@objc(cs)ZohoSalesIQCalls(cm)setBrandingWithIcon:",
            "mangledName": "$s15MobilistenCalls16ZohoSalesIQCallsC11setBranding4iconyyp_tFZ",
            "moduleName": "MobilistenCalls",
            "static": true,
            "objc_name": "setBrandingWithIcon:",
            "declAttributes": [
              "Final",
              "AccessControl",
              "ObjC",
              "Custom",
              "RawDocComment"
            ],
            "funcSelfKind": "NonMutating"
          },
          {
            "kind": "Constructor",
            "name": "init",
            "printedName": "init()",
            "children": [
              {
                "kind": "TypeNominal",
                "name": "ZohoSalesIQCalls",
                "printedName": "MobilistenCalls.ZohoSalesIQCalls",
                "usr": "c:@M@MobilistenCalls@objc(cs)ZohoSalesIQCalls"
              }
            ],
            "declKind": "Constructor",
            "usr": "c:@M@MobilistenCalls@objc(cs)ZohoSalesIQCalls(im)init",
            "mangledName": "$s15MobilistenCalls16ZohoSalesIQCallsCACycfc",
            "moduleName": "MobilistenCalls",
            "overriding": true,
            "implicit": true,
            "objc_name": "init",
            "declAttributes": [
              "Dynamic",
              "ObjC",
              "Custom",
              "Override"
            ],
            "init_kind": "Designated"
          }
        ],
        "declKind": "Class",
        "usr": "c:@M@MobilistenCalls@objc(cs)ZohoSalesIQCalls",
        "mangledName": "$s15MobilistenCalls16ZohoSalesIQCallsC",
        "moduleName": "MobilistenCalls",
        "isOpen": true,
        "declAttributes": [
          "AccessControl",
          "ObjC",
          "Custom"
        ],
        "superclassUsr": "c:objc(cs)NSObject",
        "inheritsConvenienceInitializers": true,
        "superclassNames": [
          "ObjectiveC.NSObject"
        ],
        "conformances": [
          {
            "kind": "Conformance",
            "name": "Copyable",
            "printedName": "Copyable",
            "usr": "s:s8CopyableP",
            "mangledName": "$ss8CopyableP"
          },
          {
            "kind": "Conformance",
            "name": "Escapable",
            "printedName": "Escapable",
            "usr": "s:s9EscapableP",
            "mangledName": "$ss9EscapableP"
          },
          {
            "kind": "Conformance",
            "name": "Equatable",
            "printedName": "Equatable",
            "usr": "s:SQ",
            "mangledName": "$sSQ"
          },
          {
            "kind": "Conformance",
            "name": "Hashable",
            "printedName": "Hashable",
            "usr": "s:SH",
            "mangledName": "$sSH"
          },
          {
            "kind": "Conformance",
            "name": "CVarArg",
            "printedName": "CVarArg",
            "usr": "s:s7CVarArgP",
            "mangledName": "$ss7CVarArgP"
          },
          {
            "kind": "Conformance",
            "name": "_KeyValueCodingAndObservingPublishing",
            "printedName": "_KeyValueCodingAndObservingPublishing",
            "usr": "s:10Foundation37_KeyValueCodingAndObservingPublishingP",
            "mangledName": "$s10Foundation37_KeyValueCodingAndObservingPublishingP"
          },
          {
            "kind": "Conformance",
            "name": "_KeyValueCodingAndObserving",
            "printedName": "_KeyValueCodingAndObserving",
            "usr": "s:10Foundation27_KeyValueCodingAndObservingP",
            "mangledName": "$s10Foundation27_KeyValueCodingAndObservingP"
          },
          {
            "kind": "Conformance",
            "name": "CustomStringConvertible",
            "printedName": "CustomStringConvertible",
            "usr": "s:s23CustomStringConvertibleP",
            "mangledName": "$ss23CustomStringConvertibleP"
          },
          {
            "kind": "Conformance",
            "name": "CustomDebugStringConvertible",
            "printedName": "CustomDebugStringConvertible",
            "usr": "s:s28CustomDebugStringConvertibleP",
            "mangledName": "$ss28CustomDebugStringConvertibleP"
          },
          {
            "kind": "Conformance",
            "name": "Sendable",
            "printedName": "Sendable",
            "usr": "s:s8SendableP",
            "mangledName": "$ss8SendableP"
          }
        ]
      }
    ],
    "json_format_version": 8
  },
  "ConstValues": [
    {
      "filePath": "\/Users\/venkat-12517\/Documents\/Module\/MobilistenCall\/mobilisten-ios-calls\/MobilistenCalls\/ZohoSalesIQCalls.swift",
      "kind": "BooleanLiteral",
      "offset": 11771,
      "length": 4,
      "value": "true"
    },
    {
      "filePath": "\/Users\/venkat-12517\/Documents\/Module\/MobilistenCall\/mobilisten-ios-calls\/MobilistenCalls\/ZohoSalesIQCalls.swift",
      "kind": "Array",
      "offset": 12129,
      "length": 2,
      "value": "[]"
    },
    {
      "filePath": "\/Users\/venkat-12517\/Documents\/Module\/MobilistenCall\/mobilisten-ios-calls\/MobilistenCalls\/ZohoSalesIQCalls.swift",
      "kind": "BooleanLiteral",
      "offset": 12159,
      "length": 5,
      "value": "false"
    }
  ]
}